Year,Kilometers,Model,Name,Price
1388,377000,تیپ 2,پژو 206,277000000
1397,118000,تیپ 2,پژو 206,420000000
1401,0,تیپ 3 پانوراما,پژو 206,630000000
1394,330000,تیپ 5,پژو 206,345000000
1383,420000,تیپ 2,پژو 206,220000000
1394,126000,تیپ 5,پژو 206,455000000
1390,25600,تیپ 6,پژو 206,790000000
1396,20000,تیپ 2,پژو 206,550000000
1399,81000,تیپ 2,پژو 206,465000000
1387,92000,تیپ 2,پژو 206,275000000
1401,64000,تیپ 2,پژو 206,520000000
1400,59000,تیپ 2,پژو 206,490000000
1395,170000,تیپ 5,پژو 206,428000000
1399,29000,تیپ 2,پژو 206,480000000
1399,99000,تیپ 5,پژو 206,528000000
1400,90000,تیپ 2,پژو 206,490000000
1397,195000,تیپ 5,پژو 206,470000000
1396,167000,تیپ 2,پژو 206,398000000
1397,90000,تیپ 2,پژو 206,390000000
1400,21700,تیپ 2,پژو 206,520000000
1400,45000,تیپ 2,پژو 206,495000000
1389,250000,تیپ 2,پژو 206,295000000
1387,52000,تیپ 2,پژو 206,398000000
1396,174000,تیپ 5,پژو 206,415000000
1389,220000,تیپ 3,پژو 206,330000000
1398,89000,تیپ 2,پژو 206,460000000
1393,155000,تیپ 5,پژو 206,425000000
1387,480000,تیپ 2,پژو 206,229500000
1392,185000,تیپ 5,پژو 206,385000000
1401,19000,تیپ 3 پانوراما,پژو 206,570000000
1397,77000,تیپ 5,پژو 206,470000000
1397,150000,تیپ 5,پژو 206,470000000
1395,165000,تیپ 2,پژو 206,403000000
1389,85000,تیپ 5,پژو 206,470000000
1395,172000,تیپ 5,پژو 206,450000000
1389,135000,تیپ 6,پژو 206,380000000
1384,360000,تیپ 2,پژو 206,200000000
1395,62000,تیپ 2,پژو 206,410000000
1397,92000,تیپ 2,پژو 206,458000000
1396,130000,تیپ 2,پژو 206,385000000
1400,62000,تیپ 2,پژو 206,476000000
1399,77000,تیپ 2,پژو 206,455000000
1394,200000,تیپ 5,پژو 206,430000000
1401,35000,تیپ 2,پژو 206,543000000
1395,130000,تیپ 2,پژو 206,350000000
1401,35000,تیپ 2,پژو 206,540000000
1389,76000,تیپ 2,پژو 206,375000000
1400,48000,تیپ 2,پژو 206,532000000
1401,6000,تیپ 3 پانوراما,پژو 206,585000000
1388,140000,تیپ 5,پژو 206,240000000
1399,44180,تیپ 2,پژو 206,485000000
1394,104300,تیپ 5,پژو 206,408000000
1401,38000,تیپ 3 پانوراما,پژو 206,540000000
1389,146000,تیپ 5,پژو 206,298000000
1398,71000,تیپ 5,پژو 206,510000000
1389,45000,تیپ 6,پژو 206,730000000
1400,38000,تیپ 2,پژو 206,455000000
1382,480000,تیپ 3,پژو 206,178000000
1400,83000,تیپ 2,پژو 206,425000000
1401,15000,تیپ 3 پانوراما,پژو 206,585000000
1383,600000,تیپ 3,پژو 206,195000000
1400,51000,تیپ 2,پژو 206,505000000
1393,178000,تیپ 5,پژو 206,390000000
1396,180000,تیپ 2,پژو 206,300000000
1398,46000,تیپ 2,پژو 206,458000000
1393,220000,تیپ 5,پژو 206,369000000
1393,51000,تیپ 5,پژو 206,520000000
1399,60000,تیپ 2,پژو 206,490000000
1393,133000,تیپ 5,پژو 206,400000000
1384,300000,تیپ 2,پژو 206,268000000
1398,93000,تیپ 2,پژو 206,435000000
1398,90000,تیپ 5,پژو 206,500000000
1398,29000,تیپ 5,پژو 206,530000000
1389,182000,تیپ 2,پژو 206,310000000
1398,43000,تیپ 2,پژو 206,440000000
1389,390000,تیپ 2,پژو 206,276000000
1397,83000,تیپ 2,پژو 206,445000000
1396,200000,تیپ 5,پژو 206,495000000
1395,164000,تیپ 2,پژو 206,380000000
1400,43200,تیپ 2,پژو 206,485000000
1396,170000,تیپ 5,پژو 206,498000000
1396,80000,تیپ 5,پژو 206,450000000
1390,161000,تیپ 6,پژو 206,420000000
1383,406000,تیپ 2,پژو 206,205000000
1400,78000,تیپ 2,پژو 206,470000000
1398,45000,تیپ 5,پژو 206,520000000
1381,130000,تیپ 2,پژو 206,350000000
1395,209000,تیپ 2,پژو 206,390000000
1385,340000,تیپ 3,پژو 206,263000000
1383,361000,تیپ 2,پژو 206,235000000
1395,118000,تیپ 5,پژو 206,455000000
1385,320000,تیپ 3,پژو 206,230000000
1384,318300,تیپ 2,پژو 206,225000000
1393,132000,تیپ 5,پژو 206,410000000
1397,140000,تیپ 2,پژو 206,420000000
1397,117000,تیپ 5,پژو 206,517000000
1395,122000,تیپ 2,پژو 206,388000000
1396,33000,تیپ 2,پژو 206,465000000
1394,172000,تیپ 5,پژو 206,410000000
1396,197000,تیپ 5,پژو 206,450000000
1397,95000,تیپ 2,پژو 206,427000000
1399,2900,تیپ 2,پژو 206,490000000
1397,107000,تیپ 2,پژو 206,399000000
1390,270000,تیپ 2,پژو 206,340000000
1390,400000,تیپ 2,پژو 206,420000000
1388,246000,تیپ 6,پژو 206,378000000
1399,63000,تیپ 2,پژو 206,435000000
1401,52000,تیپ 2,پژو 206,520000000
1401,56000,تیپ 2,پژو 206,545000000
1389,322000,تیپ 2,پژو 206,315000000
1401,17000,تیپ 3 پانوراما,پژو 206,530000000
1394,45000,تیپ 2,پژو 206,375000000
1401,4000,تیپ 2,پژو 206,550000000
1385,277085,تیپ 2,پژو 206,245000000
1401,20000,تیپ 3 پانوراما,پژو 206,560000000
1384,230000,تیپ 5,پژو 206,285000000
1382,532000,تیپ 3,پژو 206,240000000
1385,160000,تیپ 2,پژو 206,330000000
1401,13000,تیپ 3 پانوراما,پژو 206,578000000
1385,174000,تیپ 5,پژو 206,320000000
1397,138000,تیپ 5,پژو 206,455000000
1401,0,تیپ 3 پانوراما,پژو 206,640000000
1396,102000,تیپ 5,پژو 206,465000000
1397,120000,تیپ 2,پژو 206,410000000
1384,155000,تیپ 2,پژو 206,255000000
1381,500000,تیپ 2,پژو 206,172000000
1401,40000,تیپ 2,پژو 206,530000000
1395,144000,تیپ 5,پژو 206,430000000
1387,340000,تیپ 2,پژو 206,280000000
1388,345000,تیپ 2,پژو 206,290000000
1397,104000,تیپ 2,پژو 206,415000000
1398,95000,تیپ 2,پژو 206,455000000
1398,2400,تیپ 2,پژو 206,520000000
1395,126000,تیپ 5,پژو 206,430000000
1389,292000,تیپ 2,پژو 206,270000000
1391,64500,تیپ 2,پژو 206,405000000
1387,0,تیپ 6,پژو 206,360000000
1397,63000,تیپ 2,پژو 206,350000000
1387,340000,تیپ 3,پژو 206,245000000
1383,480000,تیپ 2,پژو 206,175000000
1380,400000,تیپ 1,پژو 206,160000000
1393,52000,تیپ 5,پژو 206,455000000
1401,23000,تیپ 3 پانوراما,پژو 206,560000000
1398,51000,تیپ 2,پژو 206,488000000
1395,122000,تیپ 5,پژو 206,375000000
1384,370000,تیپ 2,پژو 206,218000000
1393,188000,تیپ 5,پژو 206,350000000
1380,300000,تیپ 1,پژو 206,250000000
1390,243000,تیپ 6,پژو 206,390000000
1388,300000,تیپ 2,پژو 206,295000000
1400,60000,تیپ 2,پژو 206,475000000
1383,430000,تیپ 2,پژو 206,185000000
1397,82200,تیپ 2,پژو 206,438000000
1401,0,تیپ 3 پانوراما,پژو 206,630000000
1395,190000,تیپ 2,پژو 206,365000000
1394,131000,تیپ 5,پژو 206,380000000
1396,85000,تیپ 5,پژو 206,445000000
1394,200000,تیپ 5,پژو 206,460000000
1395,70000,تیپ 2,پژو 206,425000000
1401,11500,تیپ 2,پژو 206,565000000
1399,39000,تیپ 5,پژو 206,630000000
1383,250000,تیپ 2,پژو 206,215000000
1397,99000,تیپ 2,پژو 206,420000000
1389,208000,تیپ 6,پژو 206,400000000
1394,168000,تیپ 2,پژو 206,385000000
1396,98000,تیپ 2,پژو 206,395000000
1384,200000,تیپ 6,پژو 206,360000000
1397,101000,تیپ 2,پژو 206,395000000
1390,139000,تیپ 2,پژو 206,270000000
1384,168000,تیپ 2,پژو 206,290000000
1399,57000,تیپ 2,پژو 206,500000000
1396,107000,تیپ 2,پژو 206,432000000
1384,130000,تیپ 6,پژو 206,395000000
1397,100000,تیپ 2,پژو 206,438000000
1385,310000,تیپ 6,پژو 206,295000000
1389,85000,تیپ 2,پژو 206,377000000
1398,34000,تیپ 5,پژو 206,560000000
1388,225000,تیپ 6,پژو 206,318000000
1389,180000,تیپ 2,پژو 206,310000000
1385,320000,تیپ 5,پژو 206,320000000
1397,113000,تیپ 2,پژو 206,410000000
1401,42000,تیپ 2,پژو 206,530000000
1396,80000,تیپ 2,پژو 206,450000000
1398,140000,تیپ 5,پژو 206,395000000
1385,340000,تیپ 3,پژو 206,270000000
1384,190400,تیپ 5,پژو 206,320000000
1393,185000,تیپ 5,پژو 206,398000000
1397,141000,تیپ 5,پژو 206,443000000
1390,240000,تیپ 2,پژو 206,280000000
1390,180000,تیپ 5,پژو 206,400000000
1386,285000,تیپ 2,پژو 206,290000000
1388,270000,تیپ 6,پژو 206,355000000
1399,84000,تیپ 2,پژو 206,465000000
1397,160000,تیپ 2,پژو 206,405000000
1396,115300,تیپ 5,پژو 206,465000000
1398,49000,تیپ 2,پژو 206,470000000
1399,59000,تیپ 2,پژو 206,485000000
1398,34000,تیپ 5,پژو 206,560000000
1388,150000,تیپ 6,پژو 206,435000000
1395,95000,تیپ 2,پژو 206,385000000
1399,107000,تیپ 2,پژو 206,445000000
1395,30000,تیپ 2,پژو 206,445000000
1401,22000,تیپ 3 پانوراما,پژو 206,565000000
1399,59000,تیپ 2,پژو 206,487000000
1384,420000,تیپ 2,پژو 206,185000000
1394,252000,تیپ 2,پژو 206,360000000
1396,185000,تیپ 2,پژو 206,320000000
1401,20000,تیپ 2,پژو 206,560000000
1400,31000,تیپ 2,پژو 206,495000000
1397,135000,تیپ 2,پژو 206,395000000
1382,450000,تیپ 2,پژو 206,180000000
1394,75500,تیپ 2,پژو 206,390000000
1397,130000,تیپ 5,پژو 206,465000000
1396,140000,تیپ 2,پژو 206,415000000
1398,0,تیپ 5,پژو 206,685000000
1394,144000,تیپ 5,پژو 206,380000000
1385,300000,تیپ 2,پژو 206,255000000
1388,260000,تیپ 2,پژو 206,277000000
1385,405000,تیپ 2,پژو 206,250000000
1384,338000,تیپ 3,پژو 206,290000000
1401,12500,تیپ 3 پانوراما,پژو 206,530000000
1389,237000,تیپ 6,پژو 206,384000000
1396,80000,تیپ 2,پژو 206,410000000
1395,82000,تیپ 5,پژو 206,475000000
1391,169000,تیپ 2,پژو 206,347000000
1398,35000,تیپ 2,پژو 206,510000000
1398,95000,تیپ 5,پژو 206,425000000
1398,107000,تیپ 2,پژو 206,445000000
1394,170000,تیپ 5,پژو 206,430000000
1380,300000,تیپ 1,پژو 206,200000000
1399,17000,تیپ 2,پژو 206,540000000
1388,220000,تیپ 6,پژو 206,360000000
1388,290000,تیپ 2,پژو 206,220000000
1400,130000,تیپ 2,پژو 206,465000000
1391,168000,تیپ 2,پژو 206,339500000
1395,125000,تیپ 5,پژو 206,450000000
1390,188000,تیپ 6,پژو 206,390000000
1395,170000,تیپ 5,پژو 206,420000000
1388,270000,تیپ 6,پژو 206,370000000
1389,343000,تیپ 6,پژو 206,325000000
1388,225000,تیپ 2,پژو 206,270000000
1399,75000,تیپ 2,پژو 206,460000000
1400,46000,تیپ 2,پژو 206,500000000
1391,120000,تیپ 2,پژو 206,380000000
1398,84000,تیپ 2,پژو 206,420000000
1384,260000,تیپ 2,پژو 206,210000000
1401,50000,تیپ 3 پانوراما,پژو 206,530000000
1400,66000,تیپ 2,پژو 206,490000000
1384,400000,تیپ 2,پژو 206,220000000
1383,340000,تیپ 2,پژو 206,250000000
1396,114000,تیپ 5,پژو 206,465000000
1389,182000,تیپ 2,پژو 206,335000000
1388,290000,تیپ 2,پژو 206,272000000
1400,38000,تیپ 2,پژو 206,535000000
1397,153000,تیپ 2,پژو 206,330000000
1396,114000,تیپ 2,پژو 206,360000000
1396,150000,تیپ 5,پژو 206,400000000
1396,89000,تیپ 2,پژو 206,419000000
1401,18200,تیپ 3 پانوراما,پژو 206,582000000
1398,83000,تیپ 2,پژو 206,475000000
1398,70000,تیپ 2,پژو 206,475000000
1397,153000,تیپ 2,پژو 206,360000000
1400,44000,تیپ 2,پژو 206,508000000
1397,65000,تیپ 2,پژو 206,420000000
1391,220000,تیپ 2,پژو 206,270000000
1393,155000,تیپ 5,پژو 206,400000000
1398,83000,تیپ 2,پژو 206,405000000
1396,77000,تیپ 2,پژو 206,380000000
1390,218888,تیپ 2,پژو 206,325000000
1401,35000,تیپ 2,پژو 206,530000000
1398,63000,تیپ 2,پژو 206,465000000
1393,77000,تیپ 2,پژو 206,360000000
1401,0,تیپ 2,پژو 206,575000000
1393,255000,تیپ 5,پژو 206,370000000
1399,60000,تیپ 2,پژو 206,480000000
1394,210000,تیپ 2,پژو 206,345000000
1394,200000,تیپ 2,پژو 206,380000000
1394,176000,تیپ 2,پژو 206,385000000
1399,88000,تیپ 2,پژو 206,447000000
1401,11000,تیپ 2,پژو 206,570000000
1384,188000,تیپ 2,پژو 206,269000000
1401,34200,تیپ 2,پژو 206,549000000
1387,350000,تیپ 2,پژو 206,258000000
1398,61000,تیپ 5,پژو 206,530000000
1385,320000,تیپ 3,پژو 206,268000000
1398,68000,تیپ 2,پژو 206,445000000
1384,320000,تیپ 6,پژو 206,288000000
1399,30000,تیپ 2,پژو 206,509000000
1383,500000,تیپ 2,پژو 206,165000000
1399,78000,تیپ 2,پژو 206,440000000
1394,198000,تیپ 5,پژو 206,420000000
1399,57000,تیپ 5,پژو 206,550000000
1396,118000,تیپ 2,پژو 206,418000000
1384,214000,تیپ 2,پژو 206,285000000
1396,107000,تیپ 5,پژو 206,440000000
1396,122000,تیپ 5,پژو 206,460000000
1390,183500,تیپ 6,پژو 206,400000000
1386,380000,تیپ 3,پژو 206,240000000
1399,50000,تیپ 2,پژو 206,500000000
1394,135000,تیپ 5,پژو 206,445000000
1394,111000,تیپ 5,پژو 206,428000000
1395,99000,تیپ 5,پژو 206,447000000
1396,245000,تیپ 2,پژو 206,340000000
1401,32000,تیپ 2,پژو 206,550000000
1396,87000,تیپ 5,پژو 206,490000000
1386,280000,تیپ 2,پژو 206,220000000
1396,140000,تیپ 5,پژو 206,480000000
1399,87000,تیپ 5,پژو 206,520000000
1400,47000,تیپ 2,پژو 206,495000000
1385,450000,تیپ 5,پژو 206,260000000
1394,280000,تیپ 5,پژو 206,405000000
1401,0,تیپ 2,پژو 206,620000000
1401,22000,تیپ 2,پژو 206,555000000
1396,120000,تیپ 5,پژو 206,415000000
1380,235000,تیپ 2,پژو 206,208000000
1399,90000,تیپ 5,پژو 206,550000000
1393,110000,تیپ 5,پژو 206,382000000
1387,271000,تیپ 2,پژو 206,290000000
1389,210000,تیپ 2,پژو 206,310000000
1384,350000,تیپ 2,پژو 206,225000000
1391,200000,تیپ 2,پژو 206,315000000
1390,36000,تیپ 5,پژو 206,590000000
1398,55000,تیپ 2,پژو 206,485000000
1390,270000,تیپ 2,پژو 206,338000000
1399,48000,تیپ 2,پژو 206,503000000
1389,219000,تیپ 6,پژو 206,365000000
1399,130000,تیپ 2,پژو 206,430000000
1387,152000,تیپ 6,پژو 206,395000000
1393,176000,تیپ 5,پژو 206,390000000
1394,69300,تیپ 5,پژو 206,465000000
1394,150000,تیپ 5,پژو 206,375000000
1397,104000,تیپ 5,پژو 206,500000000
1395,150000,تیپ 5,پژو 206,420000000
1390,240000,تیپ 2,پژو 206,295000000
1393,230000,تیپ 5,پژو 206,326000000
1396,90000,تیپ 2,پژو 206,395000000
1396,110000,تیپ 2,پژو 206,430000000
1385,342000,تیپ 5,پژو 206,290000000
1396,85000,تیپ 2,پژو 206,430000000
1401,11000,تیپ 2,پژو 206,555000000
1397,97000,تیپ 2,پژو 206,420000000
1389,206000,تیپ 2,پژو 206,320000000
1395,151000,تیپ 2,پژو 206,385000000
1396,140000,تیپ 2,پژو 206,424000000
1394,127000,تیپ 5,پژو 206,428000000
1397,124000,تیپ 5,پژو 206,493000000
1385,277000,تیپ 5,پژو 206,290000000
1382,300000,تیپ 2,پژو 206,210000000
1401,12000,تیپ 3 پانوراما,پژو 206,580000000
1386,393000,تیپ 2,پژو 206,215000000
1401,50000,تیپ 3 پانوراما,پژو 206,565000000
1398,38000,تیپ 2,پژو 206,420000000
1401,300000,تیپ 3 پانوراما,پژو 206,570000000
1397,98000,تیپ 2,پژو 206,460000000
1385,570000,تیپ 2,پژو 206,230000000
1401,0,تیپ 2,پژو 206,600000000
1397,100000,تیپ 2,پژو 206,425000000
1398,160000,تیپ 2,پژو 206,420000000
1396,158000,تیپ 5,پژو 206,432000000
1399,90000,تیپ 2,پژو 206,440000000
1397,82000,تیپ 5,پژو 206,502000000
1387,350000,تیپ 6,پژو 206,345000000
1391,142800,تیپ 5,پژو 206,350000000
1395,120000,تیپ 2,پژو 206,385000000
1401,20000,تیپ 2,پژو 206,555000000
1395,45000,تیپ 5,پژو 206,520000000
1401,49000,تیپ 3 پانوراما,پژو 206,585000000
1384,380000,تیپ 2,پژو 206,200000000
1395,142000,تیپ 5,پژو 206,435000000
1399,9200,تیپ 5,پژو 206,590000000
1397,167000,تیپ 2,پژو 206,420000000
1397,180000,تیپ 2,پژو 206,418000000
1395,43000,تیپ 2,پژو 206,440000000
1394,133000,تیپ 2,پژو 206,365000000
1393,170000,تیپ 5,پژو 206,550000000
1382,378200,تیپ 2,پژو 206,185000000
1398,115000,تیپ 5,پژو 206,495000000
1400,58000,تیپ 2,پژو 206,525000000
1398,90000,تیپ 2,پژو 206,400000000
1384,220000,تیپ 5,پژو 206,220000000
1401,32000,تیپ 3 پانوراما,پژو 206,600000000
1396,170000,تیپ 5,پژو 206,385000000
1395,161000,تیپ 5,پژو 206,442000000
1387,229000,تیپ 6,پژو 206,360000000
1399,80000,تیپ 2,پژو 206,480000000
1395,106000,تیپ 5,پژو 206,440000000
1386,225000,تیپ 2,پژو 206,250000000
1389,140000,تیپ 2,پژو 206,345000000
1390,313000,تیپ 2,پژو 206,320000000
1382,240000,تیپ 2,پژو 206,200000000
1399,24000,تیپ 2,پژو 206,520000000
1383,572000,تیپ 2,پژو 206,180000000
1401,36000,تیپ 3 پانوراما,پژو 206,570000000
1389,82000,تیپ 2,پژو 206,375000000
1394,126000,تیپ 2,پژو 206,375000000
1399,68000,تیپ 2,پژو 206,435000000
1401,75000,تیپ 2,پژو 206,495000000
1390,313000,تیپ 5,پژو 206,355000000
1400,87000,تیپ 2,پژو 206,410000000
1390,153000,تیپ 3,پژو 206,350000000
1397,155000,تیپ 2,پژو 206,390000000
1381,267000,تیپ 2,پژو 206,205000000
1396,36500,تیپ 2,پژو 206,500000000
1383,369000,تیپ 2,پژو 206,240000000
1396,150000,تیپ 2,پژو 206,390000000
1390,350000,تیپ 5,پژو 206,350000000
1380,480000,تیپ 2,پژو 206,169000000
1399,9200,تیپ 5,پژو 206,635000000
1402,0,تیپ 3 پانوراما,پژو 206,650000000
1401,7000,تیپ 3 پانوراما,پژو 206,610000000
1389,105000,تیپ 2,پژو 206,380000000
1399,25500,تیپ 2,پژو 206,495000000
1395,72000,تیپ 5,پژو 206,500000000
1395,89000,تیپ 2,پژو 206,430000000
1388,220000,تیپ 2,پژو 206,360000000
1398,90000,تیپ 5,پژو 206,532000000
1399,26000,تیپ 2,پژو 206,508000000
1395,230000,تیپ 5,پژو 206,440000000
1382,370000,تیپ 2,پژو 206,188000000
1397,25000,تیپ 2,پژو 206,455000000
1389,300000,تیپ 2,پژو 206,275000000
1390,178000,تیپ 2,پژو 206,315000000
1384,199000,تیپ 3,پژو 206,272000000
1383,560000,تیپ 2,پژو 206,170000000
1399,110000,تیپ 2,پژو 206,470000000
1401,25000,تیپ 2,پژو 206,540000000
1400,0,تیپ 2,پژو 206,540000000
1397,165000,تیپ 5,پژو 206,495000000
1383,223000,تیپ 2,پژو 206,215000000
1400,64000,تیپ 2,پژو 206,525000000
1395,150000,تیپ 5,پژو 206,460000000
1399,103000,تیپ 5,پژو 206,515000000
1398,70000,تیپ 5,پژو 206,480000000
1396,113000,تیپ 2,پژو 206,415000000
1401,21500,تیپ 2,پژو 206,550000000
1393,174000,تیپ 5,پژو 206,400000000
1386,381681,تیپ 2,پژو 206,260000000
1383,380000,تیپ 2,پژو 206,190000000
1395,110000,تیپ 5,پژو 206,455000000
1397,142000,تیپ 2,پژو 206,415000000
1383,300000,تیپ 2,پژو 206,255000000
1402,9000,تیپ 3 پانوراما,پژو 206,595000000
1395,96000,تیپ 2,پژو 206,450000000
1395,210000,تیپ 5,پژو 206,450000000
1382,400000,تیپ 2,پژو 206,240000000
1395,172000,تیپ 2,پژو 206,430000000
1388,270000,تیپ 2,پژو 206,285000000
1401,70000,تیپ 2,پژو 206,529000000
1385,340000,تیپ 2,پژو 206,220000000
1382,412000,تیپ 5,پژو 206,239000000
1391,170000,تیپ 2,پژو 206,330000000
1398,50000,تیپ 2,پژو 206,475000000
1397,143000,تیپ 2,پژو 206,425000000
1396,148000,تیپ 2,پژو 206,380000000
1388,247000,تیپ 2,پژو 206,295000000
1400,29000,تیپ 2,پژو 206,515000000
1388,236245,تیپ 2,پژو 206,285000000
1385,170000,تیپ 5,پژو 206,380000000
1397,70000,تیپ 2,پژو 206,440000000
1396,120000,تیپ 2,پژو 206,400000000
1381,368000,تیپ 2,پژو 206,250000000
1396,177000,تیپ 5,پژو 206,433000000
1397,95000,تیپ 5,پژو 206,530000000
1394,200000,تیپ 2,پژو 206,288000000
1398,84000,تیپ 5,پژو 206,530000000
1396,160000,تیپ 5,پژو 206,490000000
1396,85000,تیپ 2,پژو 206,430000000
1387,173000,تیپ 2,پژو 206,316000000
1395,132000,تیپ 5,پژو 206,415000000
1400,43450,تیپ 2,پژو 206,485000000
1396,260000,تیپ 5,پژو 206,390000000
1398,125000,تیپ 2,پژو 206,468000000
1395,242000,تیپ 2,پژو 206,360000000
1396,116000,تیپ 5,پژو 206,440000000
1385,240000,تیپ 5,پژو 206,350000000
1397,93000,تیپ 2,پژو 206,430000000
1400,44000,تیپ 2,پژو 206,535000000
1399,55000,تیپ 2,پژو 206,450000000
1394,134000,تیپ 2,پژو 206,390000000
1400,88000,تیپ 2,پژو 206,430000000
1397,140000,تیپ 5,پژو 206,485000000
1383,350000,تیپ 5,پژو 206,260000000
1388,288000,تیپ 2,پژو 206,285000000
1401,29000,تیپ 3 پانوراما,پژو 206,570000000
1390,255000,تیپ 3,پژو 206,288000000
1399,28000,تیپ 2,پژو 206,450000000
1397,119000,تیپ 2,پژو 206,425000000
1397,159000,تیپ 2,پژو 206,320000000
1396,102000,تیپ 2,پژو 206,410000000
1396,130000,تیپ 5,پژو 206,395000000
1396,140000,تیپ 2,پژو 206,420000000
1395,107000,تیپ 2,پژو 206,385000000
1387,223000,تیپ 2,پژو 206,285000000
1385,237000,تیپ 5,پژو 206,320000000
1398,130000,تیپ 2,پژو 206,430000000
1388,180000,تیپ 6,پژو 206,385000000
1397,69000,تیپ 2,پژو 206,425000000
1396,211000,تیپ 2,پژو 206,410000000
1389,234000,تیپ 2,پژو 206,280000000
1383,283000,تیپ 2,پژو 206,220000000
1397,123000,تیپ 2,پژو 206,420000000
1394,80000,تیپ 2,پژو 206,409000000
1385,162000,تیپ 2,پژو 206,268000000
1385,440000,تیپ 5,پژو 206,265000000
1393,250000,تیپ 5,پژو 206,315000000
1399,80000,تیپ 5,پژو 206,550000000
1389,171200,تیپ 2,پژو 206,345000000
1395,173000,تیپ 5,پژو 206,440000000
1401,44000,تیپ 2,پژو 206,527000000
1395,130000,تیپ 5,پژو 206,440000000
1390,190000,تیپ 3,پژو 206,345000000
1390,190000,تیپ 3,پژو 206,345000000
1396,168000,تیپ 2,پژو 206,421000000
1401,36000,تیپ 2,پژو 206,550000000
1402,650,تیپ 3 پانوراما,پژو 206,625000000
1388,232000,تیپ 5,پژو 206,300000000
1385,315000,تیپ 5,پژو 206,280000000
1390,158000,تیپ 5,پژو 206,335000000
1401,21000,تیپ 2,پژو 206,550000000
1395,94000,تیپ 2,پژو 206,390000000
1393,210000,تیپ 5,پژو 206,400000000
1401,0,تیپ 2,پژو 206,580000000
1388,233000,تیپ 2,پژو 206,320000000
1391,348000,تیپ 2,پژو 206,310000000
1401,8000,تیپ 2,پژو 206,600000000
1394,163000,تیپ 5,پژو 206,410000000
1389,213000,تیپ 2,پژو 206,283000000
1397,95500,تیپ 2,پژو 206,425000000
1398,104000,تیپ 2,پژو 206,455000000
1397,155000,تیپ 2,پژو 206,440000000
1397,125000,تیپ 5,پژو 206,470000000
1401,27000,تیپ 2,پژو 206,525000000
1380,194000,تیپ 1,پژو 206,250000000
1401,18000,تیپ 3 پانوراما,پژو 206,585000000
1396,95000,تیپ 2,پژو 206,417000000
1400,34000,تیپ 2,پژو 206,500000000
1397,73000,تیپ 2,پژو 206,410000000
1386,249000,تیپ 2,پژو 206,289000000
1401,81000,تیپ 2,پژو 206,410000000
1386,232000,تیپ 2,پژو 206,250000000
1400,47000,تیپ 2,پژو 206,500000000
1399,36000,تیپ 2,پژو 206,485000000
1397,69000,تیپ 2,پژو 206,430000000
1401,0,تیپ 3 پانوراما,پژو 206,610000000
1397,126000,تیپ 5,پژو 206,515000000
1394,125000,تیپ 2,پژو 206,375000000
1395,310000,تیپ 2,پژو 206,336000000
1396,114000,تیپ 2,پژو 206,400000000
1398,60000,تیپ 2,پژو 206,480000000
1392,180000,تیپ 2,پژو 206,310000000
1392,170000,تیپ 2,پژو 206,300000000
1392,170000,تیپ 2,پژو 206,350000000
1385,285000,تیپ 3,پژو 206,205000000
1394,200665,تیپ 5,پژو 206,425000000
1397,120000,تیپ 2,پژو 206,420000000
1387,347000,تیپ 2,پژو 206,265000000
1384,178000,تیپ 3,پژو 206,235000000
1394,210000,تیپ 2,پژو 206,415000000
1388,220000,تیپ 2,پژو 206,258000000
1397,160000,تیپ 2,پژو 206,385000000
1400,57000,تیپ 2,پژو 206,510000000
1395,120000,تیپ 2,پژو 206,410000000
1382,200000,تیپ 2,پژو 206,180000000
1397,109000,تیپ 2,پژو 206,420000000
1399,15000,تیپ 5,پژو 206,600000000
1401,17300,تیپ 2,پژو 206,560000000
1402,8500,تیپ 3 پانوراما,پژو 206,590000000
1387,76000,تیپ 6,پژو 206,495000000
1380,250000,تیپ 1,پژو 206,215000000
1384,114000,تیپ 5,پژو 206,340000000
1401,70000,تیپ 3 پانوراما,پژو 206,540000000
1401,22000,تیپ 2,پژو 206,540000000
1398,95000,تیپ 5,پژو 206,520000000
1396,195000,تیپ 5,پژو 206,460000000
1397,84000,تیپ 2,پژو 206,439000000
1395,120000,تیپ 5,پژو 206,475000000
1390,227000,تیپ 3,پژو 206,330000000
1397,149000,تیپ 5,پژو 206,470000000
1394,197000,تیپ 5,پژو 206,405000000
1383,255000,تیپ 2,پژو 206,200000000
1396,136000,تیپ 2,پژو 206,400000000
1383,300000,تیپ 3,پژو 206,195000000
1397,96000,تیپ 5,پژو 206,610000000
1396,56000,تیپ 2,پژو 206,410000000
1400,40000,تیپ 2,پژو 206,540000000
1402,0,تیپ 3 پانوراما,پژو 206,540000000
1396,127000,تیپ 2,پژو 206,430000000
1395,105000,تیپ 2,پژو 206,405000000
1398,115000,تیپ 2,پژو 206,429000000
1384,190000,تیپ 5,پژو 206,450000000
1399,83000,تیپ 5,پژو 206,550000000
1382,260000,تیپ 4,پژو 206,237000000
1389,260000,تیپ 2,پژو 206,255000000
1400,59000,تیپ 2,پژو 206,470000000
1400,39000,تیپ 2,پژو 206,515000000
1384,311000,تیپ 2,پژو 206,240000000
1391,150000,تیپ 2,پژو 206,380000000
1397,92000,تیپ 2,پژو 206,450000000
1384,540000,تیپ 6,پژو 206,330000000
1394,258000,تیپ 5,پژو 206,430000000
1399,63000,تیپ 2,پژو 206,479000000
1400,42000,تیپ 2,پژو 206,520000000
1384,300104,تیپ 2,پژو 206,240000000
1398,105000,تیپ 5,پژو 206,520000000
1396,110000,تیپ 2,پژو 206,415000000
1400,50500,تیپ 2,پژو 206,485000000
1390,336000,تیپ 2,پژو 206,310000000
1400,63000,تیپ 2,پژو 206,465000000
1401,27100,تیپ 3 پانوراما,پژو 206,562000000
1398,100000,تیپ 2,پژو 206,485000000
1390,230000,تیپ 2,پژو 206,285000000
1399,86000,تیپ 2,پژو 206,475000000
1400,44000,تیپ 2,پژو 206,520000000
1388,360000,تیپ 2,پژو 206,267000000
1395,84000,تیپ 5,پژو 206,460000000
1390,17900,تیپ 5,پژو 206,440000000
1388,275000,تیپ 3,پژو 206,275000000
1401,50000,تیپ 3 پانوراما,پژو 206,535000000
1393,63000,تیپ 5,پژو 206,450000000
1398,113000,تیپ 2,پژو 206,410000000
1400,79000,تیپ 2,پژو 206,495000000
1396,65000,تیپ 5,پژو 206,480000000
1395,110000,تیپ 2,پژو 206,400000000
1395,147000,تیپ 2,پژو 206,365000000
1381,540000,تیپ 2,پژو 206,175000000
1401,15000,تیپ 3 پانوراما,پژو 206,599000000
1394,155000,تیپ 5,پژو 206,378000000
1383,315000,تیپ 2,پژو 206,215000000
1390,245000,تیپ 3,پژو 206,288000000
1388,350000,تیپ 2,پژو 206,274000000
1399,27000,تیپ 2,پژو 206,460000000
1398,0,تیپ 2,پژو 206,600000000
1397,155000,تیپ 2,پژو 206,415000000
1401,3900,تیپ 3 پانوراما,پژو 206,569000000
1394,150000,تیپ 2,پژو 206,375000000
1396,165000,تیپ 5,پژو 206,430000000
1397,200000,تیپ 2,پژو 206,450000000
1400,45000,تیپ 2,پژو 206,485000000
1383,192000,تیپ 2,پژو 206,245000000
1398,121000,تیپ 2,پژو 206,470000000
1383,165000,تیپ 3,پژو 206,235000000
1400,39000,تیپ 2,پژو 206,550000000
1390,220000,تیپ 2,پژو 206,335000000
1390,200000,تیپ 5,پژو 206,330000000
1397,150000,تیپ 5,پژو 206,428000000
1399,47000,تیپ 5,پژو 206,570000000
1388,185000,تیپ 6,پژو 206,380000000
1401,73000,تیپ 2,پژو 206,515000000
1399,69000,تیپ 2,پژو 206,495000000
1400,30000,تیپ 2,پژو 206,530000000
1395,150000,تیپ 2,پژو 206,375000000
1380,170000,تیپ 1,پژو 206,230000000
1398,100000,تیپ 2,پژو 206,470000000
1381,370000,تیپ 2,پژو 206,250000000
1382,308000,تیپ 2,پژو 206,200000000
1395,165000,تیپ 5,پژو 206,420000000
1396,80000,تیپ 2,پژو 206,380000000
1396,145000,تیپ 2,پژو 206,390000000
1396,144000,تیپ 2,پژو 206,400000000
1384,271000,تیپ 2,پژو 206,235000000
1399,29000,تیپ 2,پژو 206,495000000
1393,86000,تیپ 5,پژو 206,350000000
1397,128000,تیپ 2,پژو 206,415000000
1398,25000,تیپ 2,پژو 206,455000000
1395,109000,تیپ 5,پژو 206,480000000
1398,70000,تیپ 2,پژو 206,460000000
1395,116000,تیپ 2,پژو 206,427000000
1396,66000,تیپ 2,پژو 206,365000000
1395,87000,تیپ 2,پژو 206,420000000
1399,60000,تیپ 2,پژو 206,490000000
1389,350000,تیپ 2,پژو 206,250000000
1399,67000,تیپ 2,پژو 206,500000000
1397,100000,تیپ 2,پژو 206,415000000
1386,280000,تیپ 2,پژو 206,300000000
1394,190000,تیپ 2,پژو 206,370000000
1382,340000,تیپ 2,پژو 206,212000000
1385,320000,تیپ 2,پژو 206,230000000
1389,250000,تیپ 2,پژو 206,300000000
1399,6000,تیپ 2,پژو 206,520000000
1382,420000,تیپ 2,پژو 206,180000000
1395,161000,تیپ 2,پژو 206,390000000
1389,172000,تیپ 2,پژو 206,285000000
1393,200000,تیپ 5,پژو 206,350000000
1401,27000,تیپ 3 پانوراما,پژو 206,560000000
1399,80000,تیپ 2,پژو 206,465000000
1397,69000,تیپ 2,پژو 206,440000000
1395,160000,تیپ 5,پژو 206,435000000
1401,60000,تیپ 2,پژو 206,515000000
1383,318000,تیپ 2,پژو 206,257000000
1398,139000,تیپ 5,پژو 206,450000000
1386,290000,تیپ 2,پژو 206,280000000
1382,350000,تیپ 2,پژو 206,215000000
1381,400000,تیپ 2,پژو 206,175000000
1398,50000,تیپ 2,پژو 206,460000000
1401,28000,تیپ 2,پژو 206,531000000
1394,132000,تیپ 2,پژو 206,360000000
1401,27000,تیپ 3 پانوراما,پژو 206,570000000
1400,73000,تیپ 2,پژو 206,510000000
1382,327526,تیپ 2,پژو 206,150000000
1382,468000,تیپ 5,پژو 206,300000000
1401,37000,تیپ 3 پانوراما,پژو 206,550000000
1399,78000,تیپ 2,پژو 206,460000000
1388,247000,تیپ 6,پژو 206,375000000
1383,500000,تیپ 2,پژو 206,200000000
1400,40000,تیپ 2,پژو 206,505000000
1390,110000,تیپ 6,پژو 206,375000000
1400,72000,تیپ 2,پژو 206,495000000
1399,80000,تیپ 2,پژو 206,380000000
1400,40000,تیپ 2,پژو 206,512000000
1399,40000,تیپ 2,پژو 206,510000000
1389,220000,تیپ 5,پژو 206,335000000
1388,263000,تیپ 6,پژو 206,390000000
1389,192000,تیپ 6,پژو 206,395000000
1388,151272,تیپ 2,پژو 206,298000000
1396,125000,تیپ 5,پژو 206,485000000
1385,350000,تیپ 3,پژو 206,250000000
1384,255000,تیپ 2,پژو 206,230000000
1395,43000,تیپ 2,پژو 206,420000000
1399,64600,تیپ 2,پژو 206,470000000
1398,10000,تیپ 2,پژو 206,480000000
1385,320000,تیپ 3,پژو 206,265000000
1397,80000,تیپ 2,پژو 206,450000000
1396,17000,تیپ 5,پژو 206,470000000
1401,1000,تیپ 3 پانوراما,پژو 206,613000000
1393,267000,تیپ 5,پژو 206,327000000
1389,205000,تیپ 2,پژو 206,270000000
1394,133000,تیپ 5,پژو 206,425000000
1385,406000,تیپ 2,پژو 206,230000000
1388,295000,تیپ 2,پژو 206,280000000
1395,175000,تیپ 2,پژو 206,361000000
1385,258000,تیپ 2,پژو 206,270000000
1400,80000,تیپ 2,پژو 206,490000000
1383,209000,تیپ 3,پژو 206,230000000
1399,105000,تیپ 2,پژو 206,450000000
1396,180000,تیپ 2,پژو 206,310000000
1392,23400,تیپ 5,پژو 206,320000000
1399,79000,تیپ 2,پژو 206,475000000
1398,100000,تیپ 2,پژو 206,440000000
1395,110000,تیپ 5,پژو 206,445000000
1395,170000,تیپ 2,پژو 206,405000000
1400,49600,تیپ 2,پژو 206,492000000
1401,65000,تیپ 2,پژو 206,545000000
1384,274000,تیپ 2,پژو 206,265000000
1392,340000,تیپ 5,پژو 206,340000000
1396,118000,تیپ 2,پژو 206,415000000
1398,79200,تیپ 5,پژو 206,525000000
1382,330000,تیپ 5,پژو 206,290000000
1397,144000,تیپ 2,پژو 206,430000000
1394,140000,تیپ 5,پژو 206,440000000
1400,28500,تیپ 2,پژو 206,510000000
1398,15000,تیپ 2,پژو 206,465000000
1397,95000,تیپ 5,پژو 206,480000000
1387,268000,تیپ 2,پژو 206,265000000
1385,258000,تیپ 3,پژو 206,245000000
1399,72000,تیپ 2,پژو 206,440000000
1399,18000,تیپ 2,پژو 206,525000000
1388,253000,تیپ 2,پژو 206,315000000
1397,105000,تیپ 2,پژو 206,422000000
1401,20000,تیپ 3 پانوراما,پژو 206,520000000
1395,140000,تیپ 5,پژو 206,370000000
1384,276000,تیپ 6,پژو 206,280000000
1383,340000,تیپ 2,پژو 206,200000000
1399,37000,تیپ 5,پژو 206,560000000
1393,235000,تیپ 5,پژو 206,400000000
1382,307000,تیپ 2,پژو 206,200000000
1396,190000,تیپ 5,پژو 206,460000000
1395,129000,تیپ 2,پژو 206,350000000
1386,500000,تیپ 2,پژو 206,205000000
1387,214000,تیپ 2,پژو 206,305000000
1388,137000,تیپ 3,پژو 206,340000000
1383,480000,تیپ 2,پژو 206,180000000
1396,145000,تیپ 2,پژو 206,425000000
1399,49000,تیپ 2,پژو 206,500000000
1385,420000,تیپ 2,پژو 206,245000000
1398,96000,تیپ 5,پژو 206,500000000
1387,130000,تیپ 2,پژو 206,240000000
1390,295000,تیپ 2,پژو 206,265000000
1394,71000,تیپ 5,پژو 206,450000000
1397,95000,تیپ 2,پژو 206,425000000
1384,180000,تیپ 5,پژو 206,235000000
1392,168000,تیپ 5,پژو 206,380000000
1400,45000,تیپ 2,پژو 206,519000000
1390,136000,تیپ 5,پژو 206,370000000
1397,43000,تیپ 2,پژو 206,455000000
1383,430000,تیپ 2,پژو 206,170000000
1394,67000,تیپ 5,پژو 206,470000000
1390,194000,تیپ 5,پژو 206,410000000
1401,40000,تیپ 2,پژو 206,463000000
1399,73000,تیپ 2,پژو 206,440000000
1398,85000,تیپ 2,پژو 206,450000000
1396,113000,تیپ 2,پژو 206,400000000
1391,300000,تیپ 2,پژو 206,310000000
1399,1000,تیپ 5,پژو 206,750000000
1389,330000,تیپ 2,پژو 206,298000000
1388,133000,تیپ 2,پژو 206,305000000
1399,0,تیپ 2,پژو 206,580000000
1389,335000,تیپ 6,پژو 206,360000000
1396,160000,تیپ 2,پژو 206,415000000
1384,260000,تیپ 2,پژو 206,250000000
1396,164000,تیپ 5,پژو 206,455000000
1390,165000,تیپ 2,پژو 206,275000000
1382,400000,تیپ 2,پژو 206,135000000
1382,239000,تیپ 5,پژو 206,260000000
1394,124000,تیپ 2,پژو 206,390000000
1388,251000,تیپ 2,پژو 206,270000000
1398,55000,تیپ 2,پژو 206,460000000
1389,200000,تیپ 5,پژو 206,325000000
1398,89000,تیپ 2,پژو 206,450000000
1401,33000,تیپ 2,پژو 206,535000000
1401,33000,تیپ 2,پژو 206,535000000
1395,200000,تیپ 5,پژو 206,420000000
1399,70000,تیپ 2,پژو 206,470000000
1396,230000,تیپ 2,پژو 206,390000000
1396,46000,تیپ 2,پژو 206,450000000
1398,85000,تیپ 2,پژو 206,460000000
1399,78000,تیپ 2,پژو 206,465000000
1396,175000,تیپ 5,پژو 206,430000000
1382,238000,تیپ 2,پژو 206,185000000
1397,160000,تیپ 5,پژو 206,465000000
1398,49000,تیپ 5,پژو 206,525000000
1387,120000,تیپ 2,پژو 206,250000000
1396,150000,تیپ 2,پژو 206,390000000
1401,12000,تیپ 2,پژو 206,550000000
1401,3800,تیپ 3 پانوراما,پژو 206,573000000
1398,152000,تیپ 5,پژو 206,520000000
1401,12000,تیپ 2,پژو 206,560000000
1387,249000,تیپ 2,پژو 206,255000000
1388,260000,تیپ 2,پژو 206,270000000
1396,170000,تیپ 5,پژو 206,370000000
1393,83000,تیپ 5,پژو 206,405000000
1394,150000,تیپ 2,پژو 206,350000000
1396,72000,تیپ 5,پژو 206,515000000
1382,100000,تیپ 3,پژو 206,490000000
1396,142000,تیپ 2,پژو 206,410000000
1382,185000,تیپ 2,پژو 206,225000000
1386,250000,تیپ 3,پژو 206,245000000
1393,230000,تیپ 5,پژو 206,350000000
1393,190000,تیپ 5,پژو 206,355000000
1394,125000,تیپ 5,پژو 206,390000000
1399,80000,تیپ 2,پژو 206,469000000
1398,0,تیپ 2,پژو 206,540000000
1395,140000,تیپ 2,پژو 206,410000000
1390,103000,تیپ 5,پژو 206,390000000
1396,100000,تیپ 5,پژو 206,415000000
1384,300000,تیپ 2,پژو 206,230000000
1398,82000,تیپ 3,پژو 206,480000000
1399,43000,تیپ 2,پژو 206,480000000
1395,190000,تیپ 2,پژو 206,360000000
1385,230000,تیپ 2,پژو 206,230000000
1398,74000,تیپ 2,پژو 206,490000000
1383,270000,تیپ 2,پژو 206,250000000
1389,270000,تیپ 2,پژو 206,270000000
1388,300000,تیپ 3,پژو 206,260000000
1394,183000,تیپ 5,پژو 206,419000000
1397,140000,تیپ 2,پژو 206,400000000
1397,90000,تیپ 5,پژو 206,480000000
1385,300000,تیپ 5,پژو 206,210000000
1396,170000,تیپ 5,پژو 206,440000000
1396,195000,تیپ 5,پژو 206,430000000
1397,150000,تیپ 5,پژو 206,430000000
1385,191000,تیپ 3,پژو 206,260000000
1381,495000,تیپ 5,پژو 206,150000000
1396,113000,تیپ 5,پژو 206,450000000
1383,380052,تیپ 3,پژو 206,190000000
1397,121000,تیپ 2,پژو 206,400000000
1395,107000,تیپ 5,پژو 206,430000000
1400,38000,تیپ 2,پژو 206,535000000
1396,83000,تیپ 2,پژو 206,420000000
1394,259000,تیپ 2,پژو 206,369000000
1380,455000,تیپ 1,پژو 206,177000000
1390,270000,تیپ 2,پژو 206,310000000
1394,190000,تیپ 2,پژو 206,392000000
1398,120000,تیپ 5,پژو 206,460000000
1384,200000,تیپ 6,پژو 206,339000000
1394,110000,تیپ 5,پژو 206,450000000
1390,302000,تیپ 5,پژو 206,340000000
1394,209000,تیپ 5,پژو 206,367000000
1398,77000,تیپ 5,پژو 206,520000000
1401,0,تیپ 2,پژو 206,580000000
1382,352000,تیپ 2,پژو 206,245000000
1399,67000,تیپ 2,پژو 206,500000000
1397,134000,تیپ 5,پژو 206,478000000
1383,400000,تیپ 3,پژو 206,190000000
1383,177000,تیپ 2,پژو 206,216000000
1395,160000,تیپ 2,پژو 206,330000000
1383,395000,تیپ 2,پژو 206,186000000
1381,290000,تیپ 2,پژو 206,230000000
1398,125000,تیپ 2,پژو 206,440000000
1382,318000,تیپ 2,پژو 206,195000000
1401,0,تیپ 2,پژو 206,600000000
1398,15500,تیپ 2,پژو 206,520000000
1383,364000,تیپ 2,پژو 206,240000000
1389,238000,تیپ 2,پژو 206,300000000
1397,95000,تیپ 2,پژو 206,320000000
1383,200000,تیپ 2,پژو 206,215000000
1401,50000,تیپ 2,پژو 206,450000000
1384,240000,تیپ 2,پژو 206,250000000
1389,174000,تیپ 2,پژو 206,290000000
1399,108289,تیپ 2,پژو 206,460000000
1393,103000,تیپ 5,پژو 206,420000000
1399,46000,تیپ 5,پژو 206,578000000
1400,45000,تیپ 2,پژو 206,500000000
1393,71000,تیپ 5,پژو 206,400000000
1386,165000,تیپ 2,پژو 206,259000000
1398,101000,تیپ 5,پژو 206,500000000
1395,185000,تیپ 2,پژو 206,408000000
1390,270000,تیپ 2,پژو 206,295000000
1397,60000,تیپ 2,پژو 206,460000000
1390,145000,تیپ 6,پژو 206,415000000
1390,200000,تیپ 2,پژو 206,315000000
1382,400000,تیپ 2,پژو 206,220000000
1398,90000,تیپ 5,پژو 206,530000000
1396,118000,تیپ 5,پژو 206,490000000
1401,2700,تیپ 3 پانوراما,پژو 206,575000000
1390,188000,تیپ 3,پژو 206,260000000
1400,60000,تیپ 2,پژو 206,575000000
1398,114000,تیپ 5,پژو 206,545000000
1398,114000,تیپ 5,پژو 206,545000000
1390,9500,تیپ 5,پژو 206,850000000
1388,300000,تیپ 2,پژو 206,270000000
1396,162000,تیپ 5,پژو 206,455000000
1401,22000,تیپ 2,پژو 206,530000000
1399,0,تیپ 2,پژو 206,550000000
1399,50000,تیپ 2,پژو 206,450000000
1398,55000,تیپ 2,پژو 206,465000000
1391,90000,تیپ 2,پژو 206,354000000
1395,80000,تیپ 2,پژو 206,393000000
1396,87000,تیپ 5,پژو 206,465000000
1395,140000,تیپ 5,پژو 206,400000000
1385,400000,تیپ 2,پژو 206,240000000
1395,130000,تیپ 5,پژو 206,450000000
1398,62000,تیپ 5,پژو 206,520000000
1393,76000,تیپ 5,پژو 206,395000000
1397,130000,تیپ 5,پژو 206,480000000
1391,320000,تیپ 2,پژو 206,310000000
1397,77000,تیپ 2,پژو 206,415000000
1397,3000,تیپ 5,پژو 206,600000000
1398,114000,تیپ 5,پژو 206,430000000
1391,330000,تیپ 2,پژو 206,325000000
1394,200000,تیپ 5,پژو 206,400000000
1399,100000,تیپ 2,پژو 206,460000000
1397,120000,تیپ 2,پژو 206,412000000
1395,160000,تیپ 5,پژو 206,419000000
1389,240000,تیپ 2,پژو 206,330000000
1396,109000,تیپ 2,پژو 206,387000000
1389,67000,تیپ 6,پژو 206,540000000
1396,115000,تیپ 5,پژو 206,485000000
1400,0,تیپ 2,پژو 206,585000000
1389,265000,تیپ 2,پژو 206,285000000
1388,260000,تیپ 2,پژو 206,260000000
1395,127500,تیپ 2,پژو 206,379000000
1384,250000,تیپ 6,پژو 206,340000000
1388,240000,تیپ 6,پژو 206,480000000
1381,400000,تیپ 4,پژو 206,180000000
1395,220000,تیپ 2,پژو 206,310000000
1396,111500,تیپ 2,پژو 206,400000000
1383,370000,تیپ 5,پژو 206,270000000
1401,44000,تیپ 2,پژو 206,525000000
1395,180000,تیپ 5,پژو 206,460000000
1394,139000,تیپ 5,پژو 206,430000000
1399,40000,تیپ 2,پژو 206,465000000
1389,175000,تیپ 6,پژو 206,400000000
1400,74000,تیپ 2,پژو 206,510000000
1394,107000,تیپ 2,پژو 206,375000000
1398,82000,تیپ 5,پژو 206,485000000
1385,325000,تیپ 6,پژو 206,350000000
1398,150000,تیپ 5,پژو 206,515000000
1397,96000,تیپ 5,پژو 206,480000000
1384,350000,تیپ 2,پژو 206,231000000
1396,154000,تیپ 2,پژو 206,430000000
1384,300000,تیپ 2,پژو 206,247000000
1400,55000,تیپ 2,پژو 206,465000000
1395,110000,تیپ 5,پژو 206,465000000
1397,130000,تیپ 5,پژو 206,470000000
1388,245000,تیپ 2,پژو 206,262000000
1401,5000,تیپ 2,پژو 206,565000000
1399,102000,تیپ 5,پژو 206,510000000
1394,68000,تیپ 5,پژو 206,450000000
1398,52000,تیپ 2,پژو 206,480000000
1393,99000,تیپ 5,پژو 206,400000000
1395,200000,تیپ 2,پژو 206,395000000
1398,132000,تیپ 2,پژو 206,432000000
1401,5000,تیپ 3 پانوراما,پژو 206,565000000
1401,0,تیپ 3 پانوراما,پژو 206,615000000
1398,119000,تیپ 5,پژو 206,418000000
1388,190000,تیپ 2,پژو 206,299900000
1401,5000,تیپ 3 پانوراما,پژو 206,600000000
1386,284000,تیپ 2,پژو 206,220000000
1397,120000,تیپ 2,پژو 206,410000000
1393,78000,تیپ 5,پژو 206,410000000
1384,192000,تیپ 5,پژو 206,275000000
1394,180000,تیپ 2,پژو 206,365000000
1399,19188,تیپ 2,پژو 206,490000000
1390,185000,تیپ 2,پژو 206,328000000
1396,114000,تیپ 5,پژو 206,485000000
1396,96000,تیپ 5,پژو 206,395000000
1395,89000,تیپ 2,پژو 206,350000000
1392,154000,تیپ 5,پژو 206,400000000
1399,107000,تیپ 2,پژو 206,455000000
1384,78000,تیپ 5,پژو 206,385000000
1397,95000,تیپ 2,پژو 206,435000000
1397,170000,تیپ 5,پژو 206,480000000
1383,230000,تیپ 2,پژو 206,180000000
1401,22000,تیپ 3 پانوراما,پژو 206,540000000
1394,220000,تیپ 2,پژو 206,310000000
1398,44000,تیپ 2,پژو 206,480000000
1398,68000,تیپ 2,پژو 206,410000000
1395,130000,تیپ 5,پژو 206,450000000
1395,186000,تیپ 5,پژو 206,450000000
1398,52000,تیپ 2,پژو 206,450000000
1399,115000,تیپ 2,پژو 206,514000000
1397,90000,تیپ 2,پژو 206,435000000
